{"cameraMode":{"drawMode":0,"name":"Shaded","section":"Shading Mode"},"sceneLighting":true,"audioPlay":false,"sceneViewState":{"m_AlwaysRefresh":false,"showFog":true,"showSkybox":true,"showFlares":true,"showImageEffects":true,"showParticleSystems":true,"showVisualEffectGraphs":true,"m_FxEnabled":false},"in2DMode":false,"pivot":{"x":-1.3500268459320069,"y":1.4162343740463257,"z":-0.02545630931854248},"rotation":{"x":0.05793263390660286,"y":-0.3333272337913513,"z":0.02052551507949829,"w":0.940805971622467},"size":2.369525671005249,"orthographic":false}